<?xml version="1.0" encoding="UTF-8"?>
<font>
	<font-aliases>
		<mapping name="serif" font-family="Times New Roman" />
		<mapping name="sans-serif" font-family="Arial" />
		<mapping name="monospace" font-family="Courier New" />
		<mapping name="cursive" font-family="Comic Sans MS" />
		<mapping name="fantasy" font-family="Blackadder ITC" />
	</font-aliases>
	<composite-font name="all-fonts" default="Arial Unicode MS">
		<font font-family="Times New Roman" catalog="Western" />
		<font font-family="SimSun" catalog="Chinese" />
		<font font-family="Batang" catalog="Korean" />
		<font font-family="MS PMincho" catalog="Japanese" />
		<font font-family="Tahoma" />
	</composite-font>
</font>