<?xml version="1.0" encoding="UTF-8"?>
<font>
	<font-aliases>
		<mapping name="serif" font-family="Lucida Bright" />
		<mapping name="sans-serif" font-family="Lucida Sans" />
		<mapping name="monospace" font-family="Lucida Sans Typewriter" />
		<mapping name="cursive" font-family="Lucida Sans Typewriter" />
		<mapping name="fantasy" font-family="Lucida Sans Typewriter" />
	</font-aliases>
	<composite-font name="all-fonts" default="Lucida Sans Typewriter">
		<font font-family="Lucida Sans Typewriter" catalog="Western" />
		<font font-family="ZYSong18030" catalog="Chinese" />
		<font font-family="Baekmuk Batang" catalog="Korean" />
		<font font-family="Kochi Mincho" catalog="Japanese" />
	</composite-font>
</font>